MN908947.3,241,snp,C,T,86.4,125,T:108,C:2
MN908947.3,343,snp,G,T,67.3,162,T:109,G:1,CDS,+,78/21291,26/7096,synonymous_variant,c.78G>T,p.Val26Val,p.V26V,orf1ab,orf1ab
MN908947.3,913,snp,C,T,95.3,1424,T:1357,C:48,CDS,+,648/21291,216/7096,synonymous_variant,c.648C>T,p.Ser216Ser,p.S216S,orf1ab,orf1ab
MN908947.3,3037,snp,C,T,81.2,276,T:224,C:0,CDS,+,2772/21291,924/7096,synonymous_variant,c.2772C>T,p.Phe924Phe,p.P924P,orf1ab,orf1ab
MN908947.3,3267,snp,C,T,92.2,756,T:697,C:6,CDS,+,3002/21291,1001/7096,missense_variant,c.3002C>T,p.Thr1001Ile,p.T1001I,orf1ab,orf1ab
MN908947.3,5388,snp,C,A,100.1,1297,A:1298,C:3,CDS,+,5123/21291,1708/7096,missense_variant,c.5123C>A,p.Ala1708Asp,p.A1708A,orf1ab,orf1ab
MN908947.3,5986,snp,C,T,96.4,976,T:941,C:14,CDS,+,5721/21291,1907/7096,synonymous_variant,c.5721C>T,p.Phe1907Phe,p.P1907P,orf1ab,orf1ab
MN908947.3,6954,snp,T,C,95.4,238,C:227,T:8,CDS,+,6689/21291,2230/7096,missense_variant,c.6689T>C,p.Ile2230Thr,p.I2230T,orf1ab,orf1ab
MN908947.3,11287,del,GTCTGGTTTT,G,5971.4,21,G:1254,GTCTGGTTTT:4,CDS,+,11023/21291,3675/7096,conservative_inframe_deletion,c.11023_11031delTCTGGTTTT,p.Ser3675_Phe3677del,p.S3675_P3677,orf1ab,orf1ab
MN908947.3,14408,snp,C,T,92.5,160,T:148,C:3,CDS,+,14144/21291,4715/7096,missense_variant,c.14144C>T,p.Pro4715Leu,p.P4715L,orf1ab,orf1ab
MN908947.3,14676,snp,C,T,98.0,443,T:434,C:8,CDS,+,14412/21291,4804/7096,synonymous_variant,c.14412C>T,p.Pro4804Pro,p.P4804P,orf1ab,orf1ab
MN908947.3,15279,snp,C,T,99.5,656,T:653,C:4,CDS,+,15015/21291,5005/7096,synonymous_variant,c.15015C>T,p.His5005His,p.H5005H,orf1ab,orf1ab
MN908947.3,16176,snp,T,C,46.0,1387,C:638,T:11,CDS,+,15912/21291,5304/7096,synonymous_variant,c.15912T>C,p.Thr5304Thr,p.T5304T,orf1ab,orf1ab
MN908947.3,17615,snp,A,G,93.1,756,G:704,A:26,CDS,+,17351/21291,5784/7096,missense_variant,c.17351A>G,p.Lys5784Arg,p.L5784A,orf1ab,orf1ab
MN908947.3,19079,snp,A,G,93.3,526,G:491,A:5,CDS,+,18815/21291,6272/7096,missense_variant,c.18815A>G,p.Glu6272Gly,p.G6272G,orf1ab,orf1ab
MN908947.3,19854,snp,C,T,90.6,916,T:830,C:5,CDS,+,19590/21291,6530/7096,synonymous_variant,c.19590C>T,p.Asp6530Asp,p.A6530A,orf1ab,orf1ab
MN908947.3,21764,del,ATACATG,A,1199.1,110,A:1319,ATACATG:35,CDS,+,204/3822,68/1273,disruptive_inframe_deletion,c.204_209delACATGT,p.His69_Val70del,p.H69_V70,S,S
MN908947.3,21990,del,TTTA,T,565.3,245,T:1385,TTTA:51,CDS,+,432/3822,144/1273,disruptive_inframe_deletion,c.432_434delTTA,p.Tyr145del,p.T145,S,S
MN908947.3,23063,snp,A,T,100.0,123,T:123,A:0,CDS,+,1501/3822,501/1273,missense_variant,c.1501A>T,p.Asn501Tyr,p.A501T,S,S
MN908947.3,23271,snp,C,A,99.4,1640,A:1630,C:1,CDS,+,1709/3822,570/1273,missense_variant,c.1709C>A,p.Ala570Asp,p.A570A,S,S
MN908947.3,23323,snp,T,C,99.8,1571,C:1568,T:6,CDS,+,1761/3822,587/1273,synonymous_variant,c.1761T>C,p.Ile587Ile,p.I587I,S,S
MN908947.3,23403,snp,A,G,89.6,1647,G:1476,A:16,CDS,+,1841/3822,614/1273,missense_variant,c.1841A>G,p.Asp614Gly,p.A614G,S,S
MN908947.3,23604,snp,C,A,100.1,773,A:774,C:1,CDS,+,2042/3822,681/1273,missense_variant,c.2042C>A,p.Pro681His,p.P681H,S,S
MN908947.3,23709,snp,C,T,98.0,783,T:767,C:16,CDS,+,2147/3822,716/1273,missense_variant,c.2147C>T,p.Thr716Ile,p.T716I,S,S
MN908947.3,24506,snp,T,G,97.0,1271,G:1233,T:11,CDS,+,2944/3822,982/1273,missense_variant,c.2944T>G,p.Ser982Ala,p.S982A,S,S
MN908947.3,24914,snp,G,C,84.5,1288,C:1088,G:11,CDS,+,3352/3822,1118/1273,missense_variant,c.3352G>C,p.Asp1118His,p.A1118H,S,S
MN908947.3,27382,mnp,GAT,CTC,105.4,1717,CTC:1810,GAT:12,CDS,+,181/186,61/61,missense_variant,c.181_183delGATinsCTC,p.Asp61Leu,p.A61L,ORF6,ORF6
MN908947.3,27972,snp,C,T,94.5,1475,T:1394,C:28,CDS,+,79/366,27/121,stop_gained,c.79C>T,p.Gln27*,p.G27*,ORF8,ORF8
MN908947.3,28048,snp,G,T,95.6,1486,T:1421,G:24,CDS,+,155/366,52/121,missense_variant,c.155G>T,p.Arg52Ile,p.A52I,ORF8,ORF8
MN908947.3,28111,snp,A,G,66.6,3087,G:2056,A:34,CDS,+,218/366,73/121,missense_variant,c.218A>G,p.Tyr73Cys,p.T73C,ORF8,ORF8
MN908947.3,28270,del,TA,T,806.5,216,T:1742,TA:93
MN908947.3,28280,mnp,GAT,CTA,109.4,2069,CTA:2263,GAT:7,CDS,+,7/1260,3/419,missense_variant,c.7_9delGATinsCTA,p.Asp3Leu,p.A3L,N,N
MN908947.3,28881,mnp,GGG,AAC,101.4,646,AAC:655,GGG:4,CDS,+,608/1260,203/419,missense_variant,c.608_610delGGGinsAAC,p.ArgGly203LysArg,p.AG203LA,N,N
MN908947.3,28977,snp,C,T,96.7,633,T:612,C:10,CDS,+,704/1260,235/419,missense_variant,c.704C>T,p.Ser235Phe,p.S235P,N,N
MN908947.3,29729,del,TCACCGAGG,T,4191.4,35,T:1467,TCACCGAGG:3
